{
  "project_info": {
    "project_number": "470491176372",
    "firebase_url": "https://booster-25017.firebaseio.com",
    "project_id": "booster-25017",
    "storage_bucket": "booster-25017.appspot.com"
  },
  "client": [
    {
      "client_info": {
        "mobilesdk_app_id": "1:470491176372:android:d7badd00a41b6c59",
        "android_client_info": {
          "package_name": "com.booster"
        }
      },
      "oauth_client": [
        {
          "client_id": "470491176372-ebhml8s9ekaj3dcaf1vlv12jb0sp3llk.apps.googleusercontent.com",
          "client_type": 1,
          "android_info": {
            "package_name": "com.booster",
            "certificate_hash": "5103dcd2ee99d9e9814616a698c5c11215e04db2"
          }
        },
        {
          "client_id": "470491176372-92gfvdubj6bm4nhasisarfpagfu77uke.apps.googleusercontent.com",
          "client_type": 1,
          "android_info": {
            "package_name": "com.booster",
            "certificate_hash": "440c271380dad158f9053c3ccbaa2685619fc23d"
          }
        },
        {
          "client_id": "470491176372-4v3s3j605q6dbkg7hriv656lv7uqirmu.apps.googleusercontent.com",
          "client_type": 1,
          "android_info": {
            "package_name": "com.booster",
            "certificate_hash": "f6d1dad5cfed32a40ca8111f5e4173c5c4a6d13d"
          }
        },
        {
          "client_id": "470491176372-5mu2qftafv3ee0pfrno6f2t4jif352e2.apps.googleusercontent.com",
          "client_type": 1,
          "android_info": {
            "package_name": "com.booster",
            "certificate_hash": "fd5b98b2261fdd254aefcff9f8adb72a3611f383"
          }
        },
        {
          "client_id": "470491176372-tln4p3lflcpp7jsum2sdgrgjb036vqf7.apps.googleusercontent.com",
          "client_type": 3
        }
      ],
      "api_key": [
        {
          "current_key": "AIzaSyAUuXxqWhF42EaTFN_RGFxGLtSud4nKcig"
        }
      ],
      "services": {
        "appinvite_service": {
          "other_platform_oauth_client": [
            {
              "client_id": "470491176372-tln4p3lflcpp7jsum2sdgrgjb036vqf7.apps.googleusercontent.com",
              "client_type": 3
            }
          ]
        }
      }
    }
  ],
  "configuration_version": "1"
}
